{
	"credit": "Made with Blockbench",
	"texture_size": [32, 32],
	"textures": {
		"0": "craftcreator:block/botania_recipe_creator",
		"particle": "craftcreator:block/botania_recipe_creator"
	},
	"elements": [
		{
			"from": [0, 0, 0],
			"to": [16, 1, 16],
			"faces": {
				"north": {"uv": [8, 7.5, 16, 8], "texture": "#0"},
				"east": {"uv": [15.5, 0, 16, 8], "rotation": 90, "texture": "#0"},
				"south": {"uv": [8, 0, 16, 0.5], "texture": "#0"},
				"west": {"uv": [8, 0, 8.5, 8], "rotation": 90, "texture": "#0"},
				"up": {"uv": [0, 0, 8, 8], "texture": "#0"},
				"down": {"uv": [8, 0, 16, 8], "texture": "#0"}
			}
		},
		{
			"from": [0, 1, 0],
			"to": [1, 7, 16],
			"faces": {
				"north": {"uv": [8, 8, 8.5, 11], "texture": "#0"},
				"east": {"uv": [8, 8, 16, 11], "texture": "#0"},
				"south": {"uv": [8, 8, 8.5, 11], "texture": "#0"},
				"west": {"uv": [8, 8, 16, 11], "texture": "#0"},
				"up": {"uv": [8, 8, 8.5, 16], "texture": "#0"},
				"down": {"uv": [8, 8, 8.5, 16], "texture": "#0"}
			}
		},
		{
			"from": [15, 1, 0],
			"to": [16, 7, 16],
			"faces": {
				"north": {"uv": [8, 8, 8.5, 11], "texture": "#0"},
				"east": {"uv": [8, 8, 16, 11], "texture": "#0"},
				"south": {"uv": [8, 8, 8.5, 11], "texture": "#0"},
				"west": {"uv": [8, 8, 16, 11], "texture": "#0"},
				"up": {"uv": [8, 8, 8.5, 16], "texture": "#0"},
				"down": {"uv": [8, 8, 8.5, 16], "texture": "#0"}
			}
		},
		{
			"from": [1, 1, 0],
			"to": [15, 7, 1],
			"faces": {
				"north": {"uv": [8, 8, 15, 11], "texture": "#0"},
				"east": {"uv": [8, 8, 8.5, 11], "texture": "#0"},
				"south": {"uv": [8, 8, 15, 11], "texture": "#0"},
				"west": {"uv": [8, 8, 9.25, 11], "texture": "#0"},
				"up": {"uv": [8, 8, 15, 8.5], "texture": "#0"},
				"down": {"uv": [8, 8, 15, 8.5], "texture": "#0"}
			}
		},
		{
			"from": [1, 1, 15],
			"to": [15, 7, 16],
			"faces": {
				"north": {"uv": [8, 8, 15, 11], "texture": "#0"},
				"east": {"uv": [8, 8, 8.5, 11], "texture": "#0"},
				"south": {"uv": [8, 8, 15, 11], "texture": "#0"},
				"west": {"uv": [8, 8, 9.25, 11], "texture": "#0"},
				"up": {"uv": [8, 8, 15, 8.5], "texture": "#0"},
				"down": {"uv": [8, 8, 15, 8.5], "texture": "#0"}
			}
		},
		{
			"from": [7.5, 12.58579, 7.5],
			"to": [8.5, 15, 8.5],
			"rotation": {"angle": 45, "axis": "z", "origin": [8, 13.79289, 8]},
			"faces": {
				"north": {"uv": [1, 0, 2, 2.41421], "texture": "#0"},
				"east": {"uv": [2, 0, 3, 2.41421], "texture": "#0"},
				"south": {"uv": [0, 0, 1, 2.41421], "texture": "#0"},
				"west": {"uv": [2, 0, 3, 2.41421], "texture": "#0"},
				"up": {"uv": [2, 0, 3, 1], "texture": "#0"},
				"down": {"uv": [0, 0, 1, 1], "texture": "#0"}
			}
		},
		{
			"from": [7.5, 12.58579, 7.5],
			"to": [8.5, 15, 8.5],
			"rotation": {"angle": 0, "axis": "z", "origin": [8, 13.79289, 8]},
			"faces": {
				"north": {"uv": [1, 0, 2, 2.41421], "texture": "#0"},
				"east": {"uv": [2, 0, 3, 2.41421], "texture": "#0"},
				"south": {"uv": [0, 0, 1, 2.41421], "texture": "#0"},
				"west": {"uv": [2, 0, 3, 2.41421], "texture": "#0"},
				"up": {"uv": [2, 0, 3, 1], "texture": "#0"},
				"down": {"uv": [0, 0, 1, 1], "texture": "#0"}
			}
		},
		{
			"from": [7.5, 13.29289, 6.79289],
			"to": [8.5, 14.29289, 9.20711],
			"rotation": {"angle": -45, "axis": "y", "origin": [8, 13.79289, 8]},
			"faces": {
				"north": {"uv": [1, 0, 2, 1], "rotation": 180, "texture": "#0"},
				"east": {"uv": [2, 0, 3, 2.41421], "rotation": 90, "texture": "#0"},
				"south": {"uv": [0, 0, 1, 1], "texture": "#0"},
				"west": {"uv": [2, 0, 3, 2.41421], "rotation": 270, "texture": "#0"},
				"up": {"uv": [2, 0, 3, 2.41421], "texture": "#0"},
				"down": {"uv": [0, 0, 1, 2.41421], "rotation": 180, "texture": "#0"}
			}
		},
		{
			"from": [7.5, 12.58579, 7.5],
			"to": [8.5, 15, 8.5],
			"rotation": {"angle": 45, "axis": "x", "origin": [8, 13.79289, 8]},
			"faces": {
				"north": {"uv": [1, 0, 2, 2.41421], "texture": "#0"},
				"east": {"uv": [2, 0, 3, 2.41421], "texture": "#0"},
				"south": {"uv": [0, 0, 1, 2.41421], "texture": "#0"},
				"west": {"uv": [2, 0, 3, 2.41421], "texture": "#0"},
				"up": {"uv": [2, 0, 3, 1], "texture": "#0"},
				"down": {"uv": [0, 0, 1, 1], "texture": "#0"}
			}
		},
		{
			"from": [7.5, 13.29289, 6.79289],
			"to": [8.5, 14.29289, 9.20711],
			"rotation": {"angle": 45, "axis": "x", "origin": [8, 13.79289, 8]},
			"faces": {
				"north": {"uv": [1, 0, 2, 1], "rotation": 180, "texture": "#0"},
				"east": {"uv": [2, 0, 3, 2.41421], "rotation": 90, "texture": "#0"},
				"south": {"uv": [0, 0, 1, 1], "texture": "#0"},
				"west": {"uv": [2, 0, 3, 2.41421], "rotation": 270, "texture": "#0"},
				"up": {"uv": [2, 0, 3, 2.41421], "texture": "#0"},
				"down": {"uv": [0, 0, 1, 2.41421], "rotation": 180, "texture": "#0"}
			}
		},
		{
			"from": [6.79289, 13.29289, 7.5],
			"to": [9.20711, 14.29289, 8.5],
			"rotation": {"angle": -45, "axis": "y", "origin": [8, 13.79289, 8]},
			"faces": {
				"north": {"uv": [1, 0, 2, 2.41421], "rotation": 270, "texture": "#0"},
				"east": {"uv": [2, 0, 3, 1], "rotation": 180, "texture": "#0"},
				"south": {"uv": [0, 0, 1, 2.41421], "rotation": 90, "texture": "#0"},
				"west": {"uv": [2, 0, 3, 1], "texture": "#0"},
				"up": {"uv": [2, 0, 3, 2.41421], "rotation": 90, "texture": "#0"},
				"down": {"uv": [0, 0, 1, 2.41421], "rotation": 90, "texture": "#0"}
			}
		},
		{
			"from": [6.79289, 13.29289, 7.5],
			"to": [9.20711, 14.29289, 8.5],
			"rotation": {"angle": 0, "axis": "y", "origin": [8, 13.79289, 8]},
			"faces": {
				"north": {"uv": [1, 0, 2, 2.41421], "rotation": 270, "texture": "#0"},
				"east": {"uv": [2, 0, 3, 1], "rotation": 180, "texture": "#0"},
				"south": {"uv": [0, 0, 1, 2.41421], "rotation": 90, "texture": "#0"},
				"west": {"uv": [2, 0, 3, 1], "texture": "#0"},
				"up": {"uv": [2, 0, 3, 2.41421], "rotation": 90, "texture": "#0"},
				"down": {"uv": [0, 0, 1, 2.41421], "rotation": 90, "texture": "#0"}
			}
		},
		{
			"from": [7.5, 13.29289, 6.79289],
			"to": [8.5, 14.29289, 9.20711],
			"rotation": {"angle": 0, "axis": "x", "origin": [8, 13.79289, 8]},
			"faces": {
				"north": {"uv": [1, 0, 2, 1], "rotation": 180, "texture": "#0"},
				"east": {"uv": [2, 0, 3, 2.41421], "rotation": 90, "texture": "#0"},
				"south": {"uv": [0, 0, 1, 1], "texture": "#0"},
				"west": {"uv": [2, 0, 3, 2.41421], "rotation": 270, "texture": "#0"},
				"up": {"uv": [2, 0, 3, 2.41421], "texture": "#0"},
				"down": {"uv": [0, 0, 1, 2.41421], "rotation": 180, "texture": "#0"}
			}
		},
		{
			"from": [6.79289, 13.29289, 7.5],
			"to": [9.20711, 14.29289, 8.5],
			"rotation": {"angle": 45, "axis": "z", "origin": [8, 13.79289, 8]},
			"faces": {
				"north": {"uv": [1, 0, 2, 2.41421], "rotation": 270, "texture": "#0"},
				"east": {"uv": [2, 0, 3, 1], "rotation": 180, "texture": "#0"},
				"south": {"uv": [0, 0, 1, 2.41421], "rotation": 90, "texture": "#0"},
				"west": {"uv": [2, 0, 3, 1], "texture": "#0"},
				"up": {"uv": [2, 0, 3, 2.41421], "rotation": 90, "texture": "#0"},
				"down": {"uv": [0, 0, 1, 2.41421], "rotation": 90, "texture": "#0"}
			}
		}
	],
	"display": {
		"thirdperson_righthand": {
			"rotation": [75, 45, 0],
			"translation": [0, 2.5, 0],
			"scale": [0.375, 0.375, 0.375]
		},
		"thirdperson_lefthand": {
			"rotation": [75, 45, 0],
			"translation": [0, 2.5, 0],
			"scale": [0.375, 0.375, 0.375]
		},
		"firstperson_righthand": {
			"rotation": [0, 45, 0],
			"scale": [0.4, 0.4, 0.4]
		},
		"firstperson_lefthand": {
			"rotation": [0, 225, 0],
			"scale": [0.4, 0.4, 0.4]
		},
		"ground": {
			"translation": [0, 3, 0],
			"scale": [0.25, 0.25, 0.25]
		},
		"gui": {
			"rotation": [30, 225, 0],
			"scale": [0.625, 0.625, 0.625]
		},
		"fixed": {
			"scale": [0.5, 0.5, 0.5]
		}
	},
	"groups": [
		{
			"name": "mana_pool",
			"origin": [8, 8, 8],
			"color": 0,
			"children": [0, 1, 2, 3, 4]
		},
		{
			"name": "SPHERE?!",
			"origin": [8, 8, 8],
			"color": 0,
			"children": [5, 6, 7, 8, 9, 10, 11, 12, 13]
		}
	]
}