{
	"credit": "Made with Blockbench",
	"texture_size": [32, 32],
	"parent": "block/lectern",
	"textures": {
		"0": "craftcreator:block/minecraft_recipe_creator",
		"particle": "craftcreator:block/minecraft_recipe_creator"
	},
	"elements": [
		{
			"name": "butt",
			"from": [0, 0, 0],
			"to": [16, 2, 16],
			"faces": {
				"north": {"uv": [8, 0, 16, 1], "texture": "#0"},
				"east": {"uv": [8, 0, 16, 1], "texture": "#0"},
				"south": {"uv": [8, 0, 16, 1], "texture": "#0"},
				"west": {"uv": [8, 0, 16, 1], "texture": "#0"},
				"up": {"uv": [8, 0, 16, 8], "texture": "#0"},
				"down": {"uv": [8, 0, 16, 8], "texture": "#0"}
			}
		},
		{
			"from": [4, 2, 4],
			"to": [12, 14, 12],
			"faces": {
				"north": {"uv": [10, 10, 14, 16], "texture": "#0"},
				"east": {"uv": [10, 10, 14, 16], "texture": "#0"},
				"south": {"uv": [10, 10, 14, 16], "texture": "#0"},
				"west": {"uv": [10, 10, 14, 16], "texture": "#0"},
				"up": {"uv": [10, 10, 14, 14], "texture": "#0"},
				"down": {"uv": [10, 10, 14, 14], "texture": "#0"}
			}
		},
		{
			"from": [0, 12, 3],
			"to": [16, 16, 16],
			"rotation": {"angle": -22.5, "axis": "x", "origin": [8, 8, 8]},
			"faces": {
				"north": {"uv": [0, 0, 8, 2], "texture": "#0"},
				"east": {"uv": [0.5, 0, 7, 2], "texture": "#0"},
				"south": {"uv": [0, 0, 8, 2], "texture": "#0"},
				"west": {"uv": [1, 0, 7.5, 2], "texture": "#0"},
				"up": {"uv": [0, 9.5, 8, 16], "texture": "#0"},
				"down": {"uv": [0, 9.5, 8, 16], "texture": "#0"}
			}
		}
	],
	"display": {
		"thirdperson_righthand": {
			"rotation": [75, 45, 0],
			"translation": [0, 2.5, 0],
			"scale": [0.375, 0.375, 0.375]
		},
		"thirdperson_lefthand": {
			"rotation": [75, 45, 0],
			"translation": [0, 2.5, 0],
			"scale": [0.375, 0.375, 0.375]
		},
		"firstperson_righthand": {
			"rotation": [0, 45, 0],
			"scale": [0.4, 0.4, 0.4]
		},
		"firstperson_lefthand": {
			"rotation": [0, 225, 0],
			"scale": [0.4, 0.4, 0.4]
		},
		"ground": {
			"translation": [0, 3, 0],
			"scale": [0.25, 0.25, 0.25]
		},
		"gui": {
			"rotation": [30, 225, 0],
			"scale": [0.625, 0.625, 0.625]
		},
		"fixed": {
			"scale": [0.5, 0.5, 0.5]
		}
	}
}